frame_idx,second,lampu,env_mean,panel_mean,panel_max,around_mean,delta,std_panel,panel_valid,panel_occluded,mesin_aktif_panel,roll_occluded,operator_near_roll,movement,movement_ema,status_raw,on_cnt,off_cnt,on_sec_count,status_final,operator_status
1,0,TERANG,146.33,150.21,253,162.47,-12.26,41.41,0,0,0,0,0,0,0,OFF,0,0,0,OFF,TIDAK ADA
30,1,TERANG,146.33,150.46,253,162.6,-12.14,41.51,0,0,0,0,0,0,0,OFF,0,0,0,OFF,TIDAK ADA
60,2,TERANG,146.33,150.44,249,162.55,-12.11,41.31,0,0,0,0,0,0,0,OFF,0,0,0,OFF,TIDAK ADA
90,3,TERANG,146.82,149.8,251,162.42,-12.63,41.93,0,0,0,0,0,0,0,OFF,0,0,0,OFF,TIDAK ADA
120,4,TERANG,146.81,149.64,249,162.5,-12.86,42.17,0,0,0,0,0,0,0,OFF,0,0,0,OFF,TIDAK ADA
150,5,TERANG,146.73,149.59,251,162.53,-12.94,41.93,0,0,0,0,0,0,0,OFF,0,0,0,OFF,TIDAK ADA
180,6,TERANG,146.81,150,251,162.51,-12.51,41.44,0,0,0,0,0,0,0,OFF,0,0,0,OFF,TIDAK ADA
210,7,TERANG,146.81,150.9,254,162.78,-11.89,41.75,0,0,0,0,0,0,0,OFF,0,0,0,OFF,TIDAK ADA
240,8,TERANG,146.76,150.19,250,162.62,-12.43,41.61,0,0,0,0,0,0,0,OFF,0,0,0,OFF,TIDAK ADA
270,9,TERANG,146.76,150.56,253,162.78,-12.22,41.89,0,0,0,0,0,0,0,OFF,0,0,0,OFF,TIDAK ADA
300,10,TERANG,146.69,150.4,253,162.57,-12.17,42.23,0,0,0,0,0,0,0,OFF,0,0,0,OFF,TIDAK ADA
330,11,TERANG,146.74,150.24,251,162.55,-12.31,42.26,0,0,0,0,0,0,0,OFF,0,0,0,OFF,TIDAK ADA
360,12,TERANG,146.75,150.48,249,162.76,-12.28,42.07,0,0,0,0,0,0,0,OFF,0,0,0,OFF,TIDAK ADA
390,13,TERANG,146.54,150.81,254,162.31,-11.5,41.28,0,0,0,0,0,0,0,OFF,0,0,0,OFF,TIDAK ADA
420,14,TERANG,146.54,150.69,254,162.62,-11.93,41.07,0,0,0,0,0,0,0,OFF,0,0,0,OFF,TIDAK ADA
450,15,TERANG,146.5,151.05,254,162.56,-11.51,41.44,0,0,0,0,0,0,0,OFF,0,0,0,OFF,TIDAK ADA
480,16,TERANG,146.53,150.63,254,162.41,-11.78,41.97,0,0,0,0,0,0,0,OFF,0,0,0,OFF,TIDAK ADA
510,17,TERANG,146.55,151.2,254,162.62,-11.43,41.21,0,0,0,0,0,0,0,OFF,0,0,0,OFF,TIDAK ADA
540,18,TERANG,146.53,151.33,254,162.53,-11.2,41.1,0,0,0,0,0,0,0,OFF,0,0,0,OFF,TIDAK ADA
570,19,TERANG,146.53,150.96,254,162.59,-11.64,41.46,0,0,0,0,0,0,0,OFF,0,0,0,OFF,TIDAK ADA
600,20,TERANG,146.5,151.02,254,162.63,-11.6,41.47,0,0,0,0,0,0,0,OFF,0,0,0,OFF,TIDAK ADA
630,21,TERANG,146.55,151.22,254,162.58,-11.35,41.17,0,0,0,0,0,0,0,OFF,0,0,0,OFF,TIDAK ADA
660,22,TERANG,146.55,150.75,254,162.68,-11.93,40.91,0,0,0,0,0,0,0,OFF,0,0,0,OFF,TIDAK ADA
690,23,TERANG,146.71,150.27,254,162.7,-12.43,40.86,0,0,0,0,0,0,0,OFF,0,0,0,OFF,TIDAK ADA
720,24,TERANG,146.67,150.45,254,162.92,-12.46,41.73,0,0,0,0,0,0,0,OFF,0,0,0,OFF,TIDAK ADA
750,25,TERANG,146.68,150.69,254,162.96,-12.27,40.65,0,0,0,0,0,0,0,OFF,0,0,0,OFF,TIDAK ADA
780,26,TERANG,146.71,150.82,255,163,-12.18,41.33,0,0,0,0,0,0,0,OFF,0,0,0,OFF,TIDAK ADA
810,27,TERANG,146.67,150.66,254,162.84,-12.17,41.4,0,0,0,0,0,0,0,OFF,0,0,0,OFF,TIDAK ADA
840,28,TERANG,146.72,150.09,254,162.89,-12.8,41.59,0,0,0,0,0,0,0,OFF,0,0,0,OFF,TIDAK ADA
870,29,TERANG,146.71,149.89,254,162.81,-12.92,41.48,0,0,0,0,0,0,0,OFF,0,0,0,OFF,TIDAK ADA
900,30,TERANG,146.71,149.87,254,162.72,-12.85,41.05,0,0,0,0,0,0,0,OFF,0,0,0,OFF,TIDAK ADA
930,31,TERANG,146.72,149.84,252,162.8,-12.96,41.04,0,0,0,0,0,0,0,OFF,0,0,0,OFF,TIDAK ADA
960,32,TERANG,146.69,150.21,254,162.95,-12.74,41.6,0,0,0,0,0,0,0,OFF,0,0,0,OFF,TIDAK ADA
990,33,TERANG,146.95,150.48,252,162.79,-12.31,40.92,0,0,0,0,0,0,0,OFF,0,0,0,OFF,TIDAK ADA
1020,34,TERANG,146.95,150.94,255,162.82,-11.87,40.88,0,0,0,0,0,0,0,OFF,0,0,0,OFF,TIDAK ADA
1050,35,TERANG,146.94,150.54,252,162.9,-12.36,41.28,0,0,0,0,0,0,0,OFF,0,0,0,OFF,TIDAK ADA
1080,36,TERANG,146.94,150.45,249,162.82,-12.37,41.5,0,0,0,0,0,0,0,OFF,0,0,0,OFF,TIDAK ADA
1110,37,TERANG,146.93,150.34,251,162.8,-12.46,41.46,0,0,0,0,0,0,0,OFF,0,0,0,OFF,TIDAK ADA
1140,38,TERANG,146.92,151.22,252,163.03,-11.81,40.59,0,0,0,0,0,0,0,OFF,0,0,0,OFF,TIDAK ADA
1170,39,TERANG,146.9,151.29,254,162.98,-11.68,40.98,0,0,0,0,0,0,0,OFF,0,0,0,OFF,TIDAK ADA
1200,40,TERANG,146.91,150.65,254,162.94,-12.29,41.54,0,0,0,0,0,0,0,OFF,0,0,0,OFF,TIDAK ADA
1230,41,TERANG,146.82,150.69,254,162.81,-12.12,41.34,0,0,0,0,0,0,0,OFF,0,0,0,OFF,TIDAK ADA
1260,42,TERANG,146.85,150.05,254,162.66,-12.62,41.79,0,0,0,0,0,0,0,OFF,0,0,0,OFF,TIDAK ADA
1290,43,TERANG,146.35,146.51,254,157.53,-11.02,39.49,0,0,0,0,0,0,0,OFF,0,0,0,OFF,TIDAK ADA
1320,44,TERANG,146.37,146.81,251,158.28,-11.47,40.02,0,0,0,0,0,0,0,OFF,0,0,0,OFF,TIDAK ADA
1350,45,TERANG,146.37,147.37,242,158.78,-11.41,39.87,0,0,0,0,0,0,0,OFF,0,0,0,OFF,TIDAK ADA
1380,46,TERANG,146.4,147.23,254,158.8,-11.57,39.1,0,0,0,0,0,0,0,OFF,0,0,0,OFF,TIDAK ADA
1410,47,TERANG,146.4,147.14,242,159.06,-11.92,39.95,0,0,0,0,0,0,0,OFF,0,0,0,OFF,TIDAK ADA
1440,48,TERANG,146.38,147.1,254,159.12,-12.02,39.74,0,0,0,0,0,0,0,OFF,0,0,0,OFF,TIDAK ADA
1470,49,TERANG,146.39,147.12,241,158.92,-11.8,39.6,0,0,0,0,0,0,0,OFF,0,0,0,OFF,TIDAK ADA
1500,50,TERANG,146.42,147.74,254,158.96,-11.23,40.27,0,0,0,0,0,0,0,OFF,0,0,0,OFF,TIDAK ADA
1530,51,TERANG,146.38,147.38,242,159.09,-11.71,39.86,0,0,0,0,0,0,0,OFF,0,0,0,OFF,TIDAK ADA
1560,52,TERANG,146.37,147.34,254,159.16,-11.81,39.39,0,0,0,0,0,0,0,OFF,0,0,0,OFF,TIDAK ADA
1590,53,TERANG,146.95,150.44,254,162.9,-12.46,41.68,0,0,0,0,0,0,0,OFF,0,0,0,OFF,TIDAK ADA
1620,54,TERANG,146.94,150.97,254,163.13,-12.16,41.51,0,0,0,0,0,0,0,OFF,0,0,0,OFF,TIDAK ADA
1650,55,TERANG,146.86,150.95,254,163.08,-12.13,41.4,0,0,0,0,0,0,0,OFF,0,0,0,OFF,TIDAK ADA
1680,56,TERANG,146.91,150.43,254,162.96,-12.53,42.13,0,0,0,0,0,0,0,OFF,0,0,0,OFF,TIDAK ADA
1710,57,TERANG,146.91,150.36,254,163.09,-12.73,41.73,0,0,0,0,0,0,0,OFF,0,0,0,OFF,TIDAK ADA
1740,58,TERANG,146.94,150.2,254,162.92,-12.73,41.61,0,0,0,0,0,0,0,OFF,0,0,0,OFF,TIDAK ADA
1770,59,TERANG,146.94,150.99,252,163.07,-12.08,41.43,0,0,0,0,0,0,0,OFF,0,0,0,OFF,TIDAK ADA
1800,60,TERANG,146.94,150.45,254,163.09,-12.64,41.63,0,0,0,0,0,0,0,OFF,0,0,0,OFF,TIDAK ADA
1830,61,TERANG,146.93,150.41,254,162.86,-12.44,41.67,0,0,0,0,0,0,0,OFF,0,0,0,OFF,TIDAK ADA
1860,62,TERANG,146.94,151.1,254,163.24,-12.14,42.22,0,0,0,0,0,0,0,OFF,0,0,0,OFF,TIDAK ADA
1890,63,TERANG,146.87,150.71,251,162.89,-12.18,41.77,0,0,0,0,0,0,0,OFF,0,0,0,OFF,TIDAK ADA
1920,64,TERANG,146.83,150.75,254,163.04,-12.28,42.31,0,0,0,0,0,0,0,OFF,0,0,0,OFF,TIDAK ADA
1950,65,TERANG,146.84,150.83,254,162.91,-12.08,41.81,0,0,0,0,0,0,0,OFF,0,0,0,OFF,TIDAK ADA
1980,66,TERANG,146.83,151.02,254,163.12,-12.1,42.11,0,0,0,0,0,0,0,OFF,0,0,0,OFF,TIDAK ADA
2010,67,TERANG,146.83,150.5,254,162.98,-12.48,42.33,0,0,0,0,0,0,0,OFF,0,0,0,OFF,TIDAK ADA
2040,68,TERANG,146.84,150.97,250,163.13,-12.16,41.53,0,0,0,0,0,0,0,OFF,0,0,0,OFF,TIDAK ADA
2070,69,TERANG,146.83,151.07,254,163.22,-12.14,42.3,0,0,0,0,0,0,0,OFF,0,0,0,OFF,TIDAK ADA
2100,70,TERANG,146.84,150.94,249,163.12,-12.19,41.65,0,0,0,0,0,0,0,OFF,0,0,0,OFF,TIDAK ADA
2130,71,TERANG,146.83,150.38,252,162.95,-12.57,41.78,0,0,0,0,0,0,0,OFF,0,0,0,OFF,TIDAK ADA
2160,72,TERANG,146.81,150.67,254,163.05,-12.38,42.41,0,0,0,0,0,0,0,OFF,0,0,0,OFF,TIDAK ADA
2190,73,TERANG,146.91,151.61,254,163.09,-11.48,41.65,0,0,0,0,0,0,0,OFF,0,0,0,OFF,TIDAK ADA
2220,74,TERANG,146.91,150.8,254,162.89,-12.1,42.08,0,0,0,0,0,0,0,OFF,0,0,0,OFF,TIDAK ADA
2250,75,TERANG,146.91,151.24,254,163.08,-11.84,41.66,0,0,0,0,0,0,0,OFF,0,0,0,OFF,TIDAK ADA
2280,76,TERANG,146.91,150.68,254,163.03,-12.35,41.34,0,0,0,0,0,0,0,OFF,0,0,0,OFF,TIDAK ADA
2310,77,TERANG,146.93,151.56,254,163.07,-11.51,41.83,0,0,0,0,0,0,0,OFF,0,0,0,OFF,TIDAK ADA
2340,78,TERANG,146.94,151.62,254,163.21,-11.59,41.37,0,0,0,0,0,0,0,OFF,0,0,0,OFF,TIDAK ADA
2370,79,TERANG,146.92,151.14,254,163.22,-12.09,42.31,0,0,0,0,0,0,0,OFF,0,0,0,OFF,TIDAK ADA
2400,80,TERANG,146.91,151.79,254,163.18,-11.39,41.45,0,0,0,0,0,0,0,OFF,0,0,0,OFF,TIDAK ADA
2430,81,TERANG,146.91,150.46,254,163.04,-12.58,41.95,0,0,0,0,0,0,0,OFF,0,0,0,OFF,TIDAK ADA
2460,82,TERANG,146.91,151.61,254,163.19,-11.57,41.79,0,0,0,0,0,0,0,OFF,0,0,0,OFF,TIDAK ADA
2490,83,TERANG,146.82,151.83,254,162.41,-10.59,41.5,0,0,0,0,0,0,0,OFF,0,0,0,OFF,TIDAK ADA
2520,84,TERANG,146.8,151.7,249,162.64,-10.95,40.78,0,0,0,0,0,0,0,OFF,0,0,0,OFF,TIDAK ADA
2550,85,TERANG,146.82,150.99,252,162.46,-11.48,42.17,0,0,0,0,0,0,0,OFF,0,0,0,OFF,TIDAK ADA
2580,86,TERANG,146.69,150.91,252,162.43,-11.52,42.04,0,0,0,0,0,0,0,OFF,0,0,0,OFF,TIDAK ADA
2610,87,TERANG,146.52,150.19,254,162.22,-12.02,42.67,0,0,0,0,0,0,0,OFF,0,0,0,OFF,TIDAK ADA
2640,88,TERANG,141.82,150.41,254,162.46,-12.05,42.48,0,0,0,0,0,0,0,OFF,0,0,0,OFF,TIDAK ADA
2670,89,TERANG,144.58,151.72,251,162.69,-10.97,41.59,0,0,0,0,0,0,0,OFF,0,0,0,OFF,TIDAK ADA
2700,90,TERANG,146.34,151.38,252,162.59,-11.21,41.01,0,0,0,0,0,0,0,OFF,0,0,0,OFF,TIDAK ADA
2730,91,TERANG,146.15,148.87,241,161.21,-12.33,41.81,0,0,0,0,0,0,0,OFF,0,0,0,OFF,TIDAK ADA
2760,92,TERANG,146.49,151.04,254,162.17,-11.14,42.74,0,0,0,0,0,0,0,OFF,0,0,0,OFF,TIDAK ADA
2790,93,TERANG,146.35,150.53,251,162.14,-11.61,42.83,0,0,0,0,0,0,0,OFF,0,0,0,OFF,TIDAK ADA
2820,94,TERANG,146.3,150.65,252,162.2,-11.56,43.09,0,0,0,0,0,0,0,OFF,0,0,0,OFF,TIDAK ADA
2850,95,TERANG,146.37,151.58,246,162.62,-11.04,41.56,0,0,0,0,0,0,0,OFF,0,0,0,OFF,TIDAK ADA
2880,96,TERANG,146.38,151.25,254,162.43,-11.18,42.14,0,0,0,0,0,0,0,OFF,0,0,0,OFF,TIDAK ADA
2910,97,TERANG,146.28,150.74,254,162.39,-11.65,41.98,0,0,0,0,0,0,0,OFF,0,0,0,OFF,TIDAK ADA
2940,98,TERANG,146.36,150.2,254,162.33,-12.13,42.57,0,0,0,0,0,0,0,OFF,0,0,0,OFF,TIDAK ADA
2970,99,TERANG,146.34,150.58,248,162.38,-11.8,42.04,0,0,0,0,0,0,0,OFF,0,0,0,OFF,TIDAK ADA
3000,100,TERANG,146.47,151.42,250,162.51,-11.08,42.02,0,0,0,0,0,0,0,OFF,0,0,0,OFF,TIDAK ADA
3030,101,TERANG,146.37,151.46,251,162.51,-11.06,41.63,0,0,0,0,0,0,0,OFF,0,0,0,OFF,TIDAK ADA
3060,102,TERANG,146.43,151.27,254,162.62,-11.35,42.13,0,0,0,0,0,0,0,OFF,0,0,0,OFF,TIDAK ADA
3090,103,TERANG,146.54,150.71,254,162.39,-11.68,41.72,0,0,0,0,0,0,0,OFF,0,0,0,OFF,TIDAK ADA
3120,104,TERANG,146.5,150.7,254,162.47,-11.77,41.48,0,0,0,0,0,0,0,OFF,0,0,0,OFF,TIDAK ADA
3150,105,TERANG,146.43,150.38,254,162.5,-12.13,41.52,0,0,0,0,0,0,0,OFF,0,0,0,OFF,TIDAK ADA
3180,106,TERANG,146.49,150.89,254,162.53,-11.63,41.47,0,0,0,0,0,0,0,OFF,0,0,0,OFF,TIDAK ADA
3210,107,TERANG,146.55,149.23,254,160.35,-11.12,39.59,0,0,0,0,0,0,0,OFF,0,0,0,OFF,TIDAK ADA
3240,108,TERANG,146.43,148.14,254,160.73,-12.59,40.38,0,0,0,0,0,0,0,OFF,0,0,0,OFF,TIDAK ADA
3270,109,TERANG,146.54,150.06,254,162.02,-11.96,41.5,0,0,0,0,0,0,0,OFF,0,0,0,OFF,TIDAK ADA
3300,110,TERANG,146.52,150.36,254,162.52,-12.15,41.57,0,0,0,0,0,0,0,OFF,0,0,0,OFF,TIDAK ADA
3330,111,TERANG,146.59,150.93,254,162.49,-11.56,40.99,0,0,0,0,0,0,0,OFF,0,0,0,OFF,TIDAK ADA
3360,112,TERANG,146.63,150.97,254,162.61,-11.63,41.43,0,0,0,0,0,0,0,OFF,0,0,0,OFF,TIDAK ADA
3390,113,TERANG,146.81,150.35,252,162.7,-12.35,41.97,0,0,0,0,0,0,0,OFF,0,0,0,OFF,TIDAK ADA
3420,114,TERANG,146.74,150.69,254,162.85,-12.16,43.08,0,0,0,0,0,0,0,OFF,0,0,0,OFF,TIDAK ADA
3450,115,TERANG,146.57,150.46,254,162.89,-12.43,43.24,0,0,0,0,0,0,0,OFF,0,0,0,OFF,TIDAK ADA
3480,116,TERANG,146.66,150.16,254,162.71,-12.55,42.3,0,0,0,0,0,0,0,OFF,0,0,0,OFF,TIDAK ADA
3510,117,TERANG,146.49,150.51,248,162.85,-12.34,42.02,0,0,0,0,0,0,0,OFF,0,0,0,OFF,TIDAK ADA
3540,118,TERANG,146.37,150.47,254,162.81,-12.34,41.74,0,0,0,0,0,0,0,OFF,0,0,0,OFF,TIDAK ADA
3570,119,TERANG,146.14,150.47,254,162.42,-11.95,41.73,0,0,0,0,0,0,0,OFF,0,0,0,OFF,TIDAK ADA
3600,120,TERANG,145.98,150.18,248,162.57,-12.39,41.68,0,0,0,0,0,0,0,OFF,0,0,0,OFF,TIDAK ADA
3630,121,TERANG,145.5,149.93,252,162.54,-12.61,42.05,0,0,0,0,0,0,0,OFF,0,0,0,OFF,TIDAK ADA
3660,122,TERANG,145.91,150.23,254,162.78,-12.55,41.9,0,0,0,0,0,0,0,OFF,0,0,0,OFF,TIDAK ADA
3690,123,TERANG,145.16,150.03,254,162,-11.97,42.1,0,0,0,0,0,0,0,OFF,0,0,0,OFF,TIDAK ADA
3720,124,TERANG,145.13,149.62,254,161.96,-12.35,42.46,0,0,0,0,0,0,0,OFF,0,0,0,OFF,TIDAK ADA
3750,125,TERANG,145.13,150.25,254,162.14,-11.88,42.13,0,0,0,0,0,0,0,OFF,0,0,0,OFF,TIDAK ADA
3780,126,TERANG,145.12,150.25,254,162.2,-11.95,41.9,0,0,0,0,0,0,0,OFF,0,0,0,OFF,TIDAK ADA
3810,127,TERANG,145.13,150.23,254,162.08,-11.85,41.98,0,0,0,0,0,0,0,OFF,0,0,0,OFF,TIDAK ADA
3840,128,TERANG,145.07,149.48,254,161.17,-11.69,41.11,0,0,0,0,0,0,0,OFF,0,0,0,OFF,TIDAK ADA
3870,129,TERANG,145.07,149.31,254,161.12,-11.8,40.85,0,0,0,0,0,0,0,OFF,0,0,0,OFF,TIDAK ADA
3900,130,TERANG,145.01,149.14,244,160.2,-11.06,40.09,0,0,0,0,0,0,0,OFF,0,0,0,OFF,TIDAK ADA
3930,131,TERANG,144.93,149.99,252,161.41,-11.42,41.38,0,0,0,0,0,0,0,OFF,0,0,0,OFF,TIDAK ADA
3960,132,TERANG,144.95,149.79,254,160.4,-10.61,41.54,0,0,0,0,0,0,0,OFF,0,0,0,OFF,TIDAK ADA
3990,133,TERANG,144.99,145.94,254,157.53,-11.59,42.35,0,0,0,0,0,0,0,OFF,0,0,0,OFF,TIDAK ADA
4020,134,TERANG,144.93,146.38,254,156.4,-10.02,41.95,0,0,0,0,0,0,0,OFF,0,0,0,OFF,TIDAK ADA
4050,135,TERANG,144.95,144.68,252,156.91,-12.23,41.37,0,0,0,0,0,0,0,OFF,0,0,0,OFF,TIDAK ADA
4080,136,TERANG,144.52,144.89,245,155.22,-10.33,41.28,0,0,0,0,0,0,0,OFF,0,0,0,OFF,TIDAK ADA
4110,137,TERANG,144.89,146.07,252,156.37,-10.3,41.25,0,0,0,0,0,0,0,OFF,0,0,0,OFF,TIDAK ADA
4140,138,TERANG,144.77,135.83,251,144.54,-8.7,38.59,0,0,0,0,0,0,0,OFF,0,0,0,OFF,TIDAK ADA
4170,139,TERANG,144.95,133.05,250,144.28,-11.23,37.62,0,0,0,0,0,0,0,OFF,0,0,0,OFF,TIDAK ADA
4200,140,TERANG,144.96,135.37,254,146.98,-11.61,39.34,0,0,0,0,0,0,0,OFF,0,0,0,OFF,TIDAK ADA
4230,141,TERANG,144.95,137.56,242,148.81,-11.25,40.11,0,0,0,0,0,0,0,OFF,0,0,0,OFF,TIDAK ADA
4260,142,TERANG,145.22,124.22,254,136.45,-12.24,28.23,0,0,0,0,0,0,0,OFF,0,0,0,OFF,TIDAK ADA
4290,143,TERANG,145.28,138.57,252,152.07,-13.5,42.01,0,0,0,0,0,0,0,OFF,0,0,0,OFF,TIDAK ADA
4320,144,TERANG,145.48,144.49,252,157.33,-12.84,40.22,0,0,0,0,0,0,0,OFF,0,0,0,OFF,TIDAK ADA
4350,145,TERANG,145.92,145.5,249,158.23,-12.73,40.75,0,0,0,0,0,0,0,OFF,0,0,0,OFF,TIDAK ADA
4380,146,TERANG,145.7,146.23,254,158.69,-12.46,40.87,0,0,0,0,0,0,0,OFF,0,0,0,OFF,TIDAK ADA
4410,147,TERANG,145.89,146.11,249,159.03,-12.93,40.88,0,0,0,0,0,0,0,OFF,0,0,0,OFF,TIDAK ADA
4440,148,TERANG,145.97,147.56,254,158.5,-10.95,39.9,0,0,0,0,0,0,0,OFF,0,0,0,OFF,TIDAK ADA
4470,149,TERANG,145.96,146.59,254,158.88,-12.28,40.87,0,0,0,0,0,0,0,OFF,0,0,0,OFF,TIDAK ADA
4500,150,TERANG,146.16,146.56,254,158.37,-11.81,41.69,0,0,0,0,0,0,0,OFF,0,0,0,OFF,TIDAK ADA
4530,151,TERANG,145.92,145.15,254,158.13,-12.98,40.93,0,0,0,0,0,0,0,OFF,0,0,0,OFF,TIDAK ADA
4560,152,TERANG,146.53,148.97,252,161.33,-12.35,43.79,0,0,0,0,0,0,0,OFF,0,0,0,OFF,TIDAK ADA
4590,153,TERANG,146.37,142.54,254,157.74,-15.2,46.28,0,0,0,0,0,0,0,OFF,0,0,0,OFF,TIDAK ADA
4620,154,TERANG,146.37,145.49,251,159.2,-13.71,44.61,0,0,0,0,0,0,0,OFF,0,0,0,OFF,TIDAK ADA
4650,155,TERANG,146.04,134.09,241,143.3,-9.2,34.62,0,0,0,0,0,0,0,OFF,0,0,0,OFF,TIDAK ADA
4680,156,TERANG,146.01,142.39,254,156.66,-14.27,45.11,0,0,0,0,0,0,0,OFF,0,0,0,OFF,TIDAK ADA
4710,157,TERANG,145.89,142.65,254,155.23,-12.58,43.42,0,0,0,0,0,0,0,OFF,0,0,0,OFF,TIDAK ADA
4740,158,TERANG,145.76,143.98,251,156.1,-12.12,42.82,0,0,0,0,0,0,0,OFF,0,0,0,OFF,TIDAK ADA
4770,159,TERANG,145.89,145.75,251,157.08,-11.33,42.74,0,0,0,0,0,0,0,OFF,0,0,0,OFF,TIDAK ADA
4800,160,TERANG,145.87,145.99,254,157.21,-11.22,43.39,0,0,0,0,0,0,0,OFF,0,0,0,OFF,TIDAK ADA
4830,161,TERANG,145.87,144.76,252,156.92,-12.16,42.67,0,0,0,0,0,0,0,OFF,0,0,0,OFF,TIDAK ADA
4860,162,TERANG,145.87,145.15,252,157.18,-12.03,43.08,0,0,0,0,0,0,0,OFF,0,0,0,OFF,TIDAK ADA
4890,163,TERANG,145.88,145.22,249,157.54,-12.32,42.5,0,0,0,0,0,0,0,OFF,0,0,0,OFF,TIDAK ADA
4920,164,TERANG,145.87,146.87,246,158.12,-11.25,42.13,0,0,0,0,0,0,0,OFF,0,0,0,OFF,TIDAK ADA
4950,165,TERANG,145.94,146.77,250,157.82,-11.05,42.75,0,0,0,0,0,0,0,OFF,0,0,0,OFF,TIDAK ADA
4980,166,TERANG,145.9,144.82,248,157.82,-13,41.78,0,0,0,0,0,0,0,OFF,0,0,0,OFF,TIDAK ADA
5010,167,TERANG,146.37,148.36,252,161.22,-12.86,41.63,0,0,0,0,0,0,0,OFF,0,0,0,OFF,TIDAK ADA
5040,168,TERANG,146.39,148.79,254,161.53,-12.74,41.43,0,0,0,0,0,0,0,OFF,0,0,0,OFF,TIDAK ADA
5070,169,TERANG,146.36,148.34,253,161.44,-13.1,42.05,0,0,0,0,0,0,0,OFF,0,0,0,OFF,TIDAK ADA
5100,170,TERANG,146.42,148.36,252,161.34,-12.98,41.73,0,0,0,0,0,0,0,OFF,0,0,0,OFF,TIDAK ADA
5130,171,TERANG,146.41,148.43,252,161.32,-12.89,41.49,0,0,0,0,0,0,0,OFF,0,0,0,OFF,TIDAK ADA
5160,172,TERANG,146.55,148.7,252,161.46,-12.76,41.3,0,0,0,0,0,0,0,OFF,0,0,0,OFF,TIDAK ADA
5190,173,TERANG,146.62,148.64,254,161.62,-12.98,41.57,0,0,0,0,0,0,0,OFF,0,0,0,OFF,TIDAK ADA
5220,174,TERANG,146.87,149.06,253,161.67,-12.61,41.93,0,0,0,0,0,0,0,OFF,0,0,0,OFF,TIDAK ADA
5250,175,TERANG,147.26,148.84,249,161.46,-12.63,41.44,0,0,0,0,0,0,0,OFF,0,0,0,OFF,TIDAK ADA
5280,176,TERANG,147.25,148.69,252,161.49,-12.8,41.9,0,0,0,0,0,0,0,OFF,0,0,0,OFF,TIDAK ADA
5310,177,TERANG,147.82,151.01,254,162.06,-11.04,40.24,0,0,0,0,0,0,0,OFF,0,0,0,OFF,TIDAK ADA
5340,178,TERANG,147.83,150.19,253,162.15,-11.96,41.29,0,0,0,0,0,0,0,OFF,0,0,0,OFF,TIDAK ADA
5370,179,TERANG,147.69,149.13,254,159.55,-10.43,38.78,0,0,0,0,0,0,0,OFF,0,0,0,OFF,TIDAK ADA
5400,180,TERANG,147.7,148.74,254,160.01,-11.27,42.4,0,0,0,0,0,0,0,OFF,0,0,0,OFF,TIDAK ADA
5430,181,TERANG,147.71,150.3,254,161.94,-11.64,40.96,0,0,0,0,0,0,0,OFF,0,0,0,OFF,TIDAK ADA
5460,182,TERANG,147.77,150.7,254,162.2,-11.51,40.77,0,0,0,0,0,0,0,OFF,0,0,0,OFF,TIDAK ADA
5490,183,TERANG,147.78,151.11,254,162.36,-11.25,40.61,0,0,0,0,0,0,0,OFF,0,0,0,OFF,TIDAK ADA
5520,184,TERANG,147.74,150.97,254,162.18,-11.21,40.08,0,0,0,0,0,0,0,OFF,0,0,0,OFF,TIDAK ADA
5550,185,TERANG,147.69,151.23,254,162.15,-10.92,40.21,0,0,0,0,0,0,0,OFF,0,0,0,OFF,TIDAK ADA
5580,186,TERANG,147.71,150.96,254,162.38,-11.42,39.95,0,0,0,0,0,0,0,OFF,0,0,0,OFF,TIDAK ADA
5610,187,TERANG,147.34,149.81,254,162.28,-12.47,42.24,0,0,0,0,0,0,0,OFF,0,0,0,OFF,TIDAK ADA
5640,188,TERANG,147.34,149.69,254,162.33,-12.64,42.6,0,0,0,0,0,0,0,OFF,0,0,0,OFF,TIDAK ADA
5670,189,TERANG,147.02,149.67,254,162.36,-12.69,42.01,0,0,0,0,0,0,0,OFF,0,0,0,OFF,TIDAK ADA
5700,190,TERANG,147.33,149.52,254,162.19,-12.67,41.78,0,0,0,0,0,0,0,OFF,0,0,0,OFF,TIDAK ADA
5730,191,TERANG,147.29,149.5,254,162.1,-12.6,41.9,0,0,0,0,0,0,0,OFF,0,0,0,OFF,TIDAK ADA
5760,192,TERANG,147.32,150,252,162.36,-12.35,42.33,0,0,0,0,0,0,0,OFF,0,0,0,OFF,TIDAK ADA
5790,193,TERANG,147.11,149.9,251,162.37,-12.47,41.85,0,0,0,0,0,0,0,OFF,0,0,0,OFF,TIDAK ADA
5820,194,TERANG,147.23,149.87,252,162.37,-12.5,42.35,0,0,0,0,0,0,0,OFF,0,0,0,OFF,TIDAK ADA
5850,195,TERANG,146.4,150.07,252,162.4,-12.32,41.93,0,0,0,0,0,0,0,OFF,0,0,0,OFF,TIDAK ADA
5880,196,TERANG,146.33,150.16,251,162.52,-12.37,42.2,0,0,0,0,0,0,0,OFF,0,0,0,OFF,TIDAK ADA
5910,197,TERANG,145.9,149.04,254,161.97,-12.93,41.19,0,0,0,0,0,0,0,OFF,0,0,0,OFF,TIDAK ADA
5940,198,TERANG,145.81,149.39,254,162.03,-12.64,41.58,0,0,0,0,0,0,0,OFF,0,0,0,OFF,TIDAK ADA
5970,199,TERANG,145.84,149.73,254,162.3,-12.57,40.11,0,0,0,0,0,0,0,OFF,0,0,0,OFF,TIDAK ADA
6000,200,TERANG,145.82,149.48,254,161.94,-12.46,41.49,0,0,0,0,0,0,0,OFF,0,0,0,OFF,TIDAK ADA
6030,201,TERANG,145.81,149.3,254,161.86,-12.56,40.72,0,0,0,0,0,0,0,OFF,0,0,0,OFF,TIDAK ADA
6060,202,TERANG,145.86,149.47,254,161.86,-12.39,41.68,0,0,0,0,0,0,0,OFF,0,0,0,OFF,TIDAK ADA
6090,203,TERANG,145.74,149,254,162.04,-13.04,41.33,0,0,0,0,0,0,0,OFF,0,0,0,OFF,TIDAK ADA
6120,204,TERANG,145.98,149.41,254,162.04,-12.63,41.03,0,0,0,0,0,0,0,OFF,0,0,0,OFF,TIDAK ADA
6150,205,TERANG,146.24,149.49,254,162.05,-12.56,40.83,0,0,0,0,0,0,0,OFF,0,0,0,OFF,TIDAK ADA
6180,206,TERANG,145.94,149.15,254,162.15,-13,41.33,0,0,0,0,0,0,0,OFF,0,0,0,OFF,TIDAK ADA
6210,207,TERANG,146.85,149.01,253,161.62,-12.61,41.23,0,0,0,0,0,0,0,OFF,0,0,0,OFF,TIDAK ADA
6240,208,TERANG,146.73,149.06,253,161.82,-12.76,41.09,0,0,0,0,0,0,0,OFF,0,0,0,OFF,TIDAK ADA
6270,209,TERANG,146.76,148.8,253,161.79,-12.99,41.59,0,0,0,0,0,0,0,OFF,0,0,0,OFF,TIDAK ADA
6300,210,TERANG,146.87,149.49,253,162,-12.51,41.24,0,0,0,0,0,0,0,OFF,0,0,0,OFF,TIDAK ADA
6330,211,TERANG,146.84,149.39,254,162.01,-12.62,41.94,0,0,0,0,0,0,0,OFF,0,0,0,OFF,TIDAK ADA
6360,212,TERANG,146.83,149.06,254,161.89,-12.83,41.18,0,0,0,0,0,0,0,OFF,0,0,0,OFF,TIDAK ADA
6390,213,TERANG,146.88,149.27,253,161.94,-12.67,41.35,0,0,0,0,0,0,0,OFF,0,0,0,OFF,TIDAK ADA
6420,214,TERANG,146.88,148.83,254,161.72,-12.89,41.33,0,0,0,0,0,0,0,OFF,0,0,0,OFF,TIDAK ADA
6450,215,TERANG,146.84,149.1,254,161.98,-12.88,41.06,0,0,0,0,0,0,0,OFF,0,0,0,OFF,TIDAK ADA
6480,216,TERANG,146.86,149.44,252,162.03,-12.59,41.55,0,0,0,0,0,0,0,OFF,0,0,0,OFF,TIDAK ADA
6510,217,TERANG,146.79,150.2,252,161.97,-11.77,41.75,0,0,0,0,0,0,0,OFF,0,0,0,OFF,TIDAK ADA
6540,218,TERANG,146.79,150.95,252,162.41,-11.46,42.08,0,0,0,0,0,0,0,OFF,0,0,0,OFF,TIDAK ADA
6570,219,TERANG,146.81,150.03,255,162.25,-12.23,41.7,0,0,0,0,0,0,0,OFF,0,0,0,OFF,TIDAK ADA
6600,220,TERANG,146.74,150.23,254,162.27,-12.03,41.79,0,0,0,0,0,0,0,OFF,0,0,0,OFF,TIDAK ADA
6630,221,TERANG,146.77,149.75,252,162.16,-12.41,42.12,0,0,0,0,0,0,0,OFF,0,0,0,OFF,TIDAK ADA
6660,222,TERANG,146.8,149.57,252,161.89,-12.32,42.74,0,0,0,0,0,0,0,OFF,0,0,0,OFF,TIDAK ADA
6690,223,TERANG,146.71,147.33,251,159.68,-12.35,41.76,0,0,0,0,0,0,0,OFF,0,0,0,OFF,TIDAK ADA
6720,224,TERANG,146.73,149.55,254,162.17,-12.62,41.34,0,0,0,0,0,0,0,OFF,0,0,0,OFF,TIDAK ADA
6750,225,TERANG,146.79,150.44,255,162.31,-11.86,40.98,0,0,0,0,0,0,0,OFF,0,0,0,OFF,TIDAK ADA
6780,226,TERANG,146.81,150.31,255,162.29,-11.98,41.29,0,0,0,0,0,0,0,OFF,0,0,0,OFF,TIDAK ADA
6810,227,TERANG,147.06,151.29,252,162.73,-11.44,41.7,0,0,0,0,0,0,0,OFF,0,0,0,OFF,TIDAK ADA
6840,228,TERANG,146.98,151.22,254,163.02,-11.8,41.69,0,0,0,0,0,0,0,OFF,0,0,0,OFF,TIDAK ADA
6870,229,TERANG,147.06,151.2,254,162.85,-11.65,41.73,0,0,0,0,0,0,0,OFF,0,0,0,OFF,TIDAK ADA
6900,230,TERANG,147.04,151.12,254,162.91,-11.78,41.97,0,0,0,0,0,0,0,OFF,0,0,0,OFF,TIDAK ADA
6930,231,TERANG,147.06,150.17,254,162.54,-12.38,41.67,0,0,0,0,0,0,0,OFF,0,0,0,OFF,TIDAK ADA
6960,232,TERANG,147.05,150.84,254,162.78,-11.94,41.47,0,0,0,0,0,0,0,OFF,0,0,0,OFF,TIDAK ADA
6990,233,TERANG,147.04,150.54,254,162.98,-12.44,41.81,0,0,0,0,0,0,0,OFF,0,0,0,OFF,TIDAK ADA
7020,234,TERANG,147.02,150.94,254,162.89,-11.95,41.4,0,0,0,0,0,0,0,OFF,0,0,0,OFF,TIDAK ADA
7050,235,TERANG,147.05,150.87,255,163.06,-12.19,41.6,0,0,0,0,0,0,0,OFF,0,0,0,OFF,TIDAK ADA
7080,236,TERANG,147.05,150.97,254,162.94,-11.97,41.83,0,0,0,0,0,0,0,OFF,0,0,0,OFF,TIDAK ADA
7110,237,TERANG,147.23,149.31,253,161.58,-12.28,40.63,0,0,0,0,0,0,0,OFF,0,0,0,OFF,TIDAK ADA
7140,238,TERANG,147.17,149.57,253,161.65,-12.08,41.84,0,0,0,0,0,0,0,OFF,0,0,0,OFF,TIDAK ADA
7170,239,TERANG,147.17,149.22,254,161.65,-12.43,40.97,0,0,0,0,0,0,0,OFF,0,0,0,OFF,TIDAK ADA
7200,240,TERANG,147.19,148.94,253,161.72,-12.78,41.45,0,0,0,0,0,0,0,OFF,0,0,0,OFF,TIDAK ADA
7230,241,TERANG,147.15,149.77,254,161.68,-11.91,41.01,0,0,0,0,0,0,0,OFF,0,0,0,OFF,TIDAK ADA
7260,242,TERANG,147.18,149.56,254,161.77,-12.21,40.62,0,0,0,0,0,0,0,OFF,0,0,0,OFF,TIDAK ADA
7290,243,TERANG,147.17,149.61,253,161.57,-11.95,40.61,0,0,0,0,0,0,0,OFF,0,0,0,OFF,TIDAK ADA
7320,244,TERANG,147.16,149.37,253,161.69,-12.32,41.18,0,0,0,0,0,0,0,OFF,0,0,0,OFF,TIDAK ADA
7350,245,TERANG,147.15,149.41,254,161.6,-12.19,41,0,0,0,0,0,0,0,OFF,0,0,0,OFF,TIDAK ADA
7380,246,TERANG,146.27,145.28,254,157.04,-11.77,39.25,0,0,0,0,0,0,0,OFF,0,0,0,OFF,TIDAK ADA
7410,247,TERANG,146.21,149.26,254,161.36,-12.1,42.16,0,0,0,0,0,0,0,OFF,0,0,0,OFF,TIDAK ADA
7440,248,TERANG,146.18,150.39,254,161.78,-11.39,41.8,0,0,0,0,0,0,0,OFF,0,0,0,OFF,TIDAK ADA
7470,249,TERANG,146.22,148.98,254,161.76,-12.78,41.67,0,0,0,0,0,0,0,OFF,0,0,0,OFF,TIDAK ADA
7500,250,TERANG,146.23,148.78,249,161.58,-12.8,42.07,0,0,0,0,0,0,0,OFF,0,0,0,OFF,TIDAK ADA
7530,251,TERANG,146.19,149.85,254,162.14,-12.29,41.82,0,0,0,0,0,0,0,OFF,0,0,0,OFF,TIDAK ADA
7560,252,TERANG,146.16,148.92,254,161.77,-12.85,42.15,0,0,0,0,0,0,0,OFF,0,0,0,OFF,TIDAK ADA
7590,253,TERANG,145.62,149.09,254,161.79,-12.7,41.32,0,0,0,0,0,0,0,OFF,0,0,0,OFF,TIDAK ADA
7620,254,TERANG,145.66,150.37,252,162.56,-12.19,41.32,0,0,0,0,0,0,0,OFF,0,0,0,OFF,TIDAK ADA
7650,255,TERANG,145.62,149.38,254,162.39,-13.02,41.47,0,0,0,0,0,0,0,OFF,0,0,0,OFF,TIDAK ADA
7680,256,TERANG,145.57,149.34,254,162.5,-13.16,41.9,0,0,0,0,0,0,0,OFF,0,0,0,OFF,TIDAK ADA
7710,257,TERANG,145.56,84.74,89,74.15,10.59,1.99,0,0,0,0,0,0,0,OFF,0,0,0,OFF,TIDAK ADA
7740,258,TERANG,145.36,84.28,119,70.98,13.29,3.56,0,0,0,0,0,0,0,OFF,0,0,0,OFF,TIDAK ADA
7770,259,TERANG,145.53,82.37,122,69.84,12.53,4.2,0,0,0,0,0,0,0,OFF,0,0,0,OFF,TIDAK ADA
7800,260,TERANG,145.54,71.61,83,62.1,9.51,3.96,0,0,0,0,0,0,0,OFF,0,0,0,OFF,TIDAK ADA
7830,261,TERANG,145.21,75.55,129,65.51,10.03,4.91,0,0,0,0,0,0,0,OFF,0,0,0,OFF,TIDAK ADA
7860,262,TERANG,145.5,76.91,113,66.06,10.85,4.17,0,0,0,0,0,0,0,OFF,0,0,0,OFF,TIDAK ADA
7890,263,TERANG,145.54,77.37,136,66.34,11.03,4.31,0,0,0,0,0,0,0,OFF,0,0,0,OFF,TIDAK ADA
7920,264,TERANG,145.28,78.75,143,67.23,11.52,6.06,0,0,0,0,0,0,0,OFF,0,0,0,OFF,TIDAK ADA
7950,265,TERANG,145.27,78.73,143,67.08,11.64,6.22,0,0,0,0,0,0,0,OFF,0,0,0,OFF,TIDAK ADA
7980,266,TERANG,145.31,72.97,82,60.17,12.79,5.23,0,0,0,0,0,0,0,OFF,0,0,0,OFF,TIDAK ADA
8010,267,TERANG,145.24,78.51,143,66.99,11.52,6.12,0,0,0,0,0,0,0,OFF,0,0,0,OFF,TIDAK ADA
8040,268,TERANG,145.14,78.19,156,66.78,11.42,6.43,0,0,0,0,0,0,0,OFF,0,0,0,OFF,TIDAK ADA
8070,269,TERANG,145.11,75.48,157,65.95,9.53,7.04,0,0,0,0,0,0,0,OFF,0,0,0,OFF,TIDAK ADA
8100,270,TERANG,144.96,77.72,158,66.53,11.19,6.4,0,0,0,0,0,0,0,OFF,0,0,0,OFF,TIDAK ADA
8130,271,TERANG,145.1,78.17,150,66.84,11.32,5.95,0,0,0,0,0,0,0,OFF,0,0,0,OFF,TIDAK ADA
8160,272,TERANG,145.04,78.67,156,67.07,11.61,6.36,0,0,0,0,0,0,0,OFF,0,0,0,OFF,TIDAK ADA
8190,273,TERANG,145.12,78.84,157,67.08,11.76,6.39,0,0,0,0,0,0,0,OFF,0,0,0,OFF,TIDAK ADA
8220,274,TERANG,145.05,78.99,151,67.17,11.82,6.26,0,0,0,0,0,0,0,OFF,0,0,0,OFF,TIDAK ADA
8250,275,TERANG,145,78.78,156,67.14,11.64,6.44,0,0,0,0,0,0,0,OFF,0,0,0,OFF,TIDAK ADA
8280,276,TERANG,145.11,78.57,157,67.09,11.48,6.39,0,0,0,0,0,0,0,OFF,0,0,0,OFF,TIDAK ADA
8310,277,TERANG,145.08,78.43,153,66.81,11.62,6.55,0,0,0,0,0,0,0,OFF,0,0,0,OFF,TIDAK ADA
8340,278,TERANG,145.23,75.52,144,64.84,10.68,6.01,0,0,0,0,0,0,0,OFF,0,0,0,OFF,TIDAK ADA
8370,279,TERANG,145.2,75,145,64.2,10.8,6.29,0,0,0,0,0,0,0,OFF,0,0,0,OFF,TIDAK ADA
8400,280,TERANG,145.19,75.46,144,64.82,10.65,6.34,0,0,0,0,0,0,0,OFF,0,0,0,OFF,TIDAK ADA
8430,281,TERANG,145.2,75.71,141,65.14,10.58,5.82,0,0,0,0,0,0,0,OFF,0,0,0,OFF,TIDAK ADA
8460,282,TERANG,145.22,76.28,138,65.79,10.49,5.67,0,0,0,0,0,0,0,OFF,0,0,0,OFF,TIDAK ADA
8490,283,TERANG,145.24,78.96,136,67.32,11.64,5.41,0,0,0,0,0,0,0,OFF,0,0,0,OFF,TIDAK ADA
8520,284,TERANG,145.42,78.89,139,67.91,10.98,5.05,0,0,0,0,0,0,0,OFF,0,0,0,OFF,TIDAK ADA
8550,285,TERANG,145.24,79.69,139,68.14,11.55,5.4,0,0,0,0,0,0,0,OFF,0,0,0,OFF,TIDAK ADA
8580,286,TERANG,145.41,79.88,125,67.87,12.01,4.42,0,0,0,0,0,0,0,OFF,0,0,0,OFF,TIDAK ADA
8610,287,TERANG,145.5,80.54,132,68.69,11.85,4.42,0,0,0,0,0,0,0,OFF,0,0,0,OFF,TIDAK ADA
8640,288,TERANG,146.03,81.05,138,69.59,11.45,5.84,0,0,0,0,0,0,0,OFF,0,0,0,OFF,TIDAK ADA
8670,289,TERANG,145.98,81.1,138,69.57,11.53,5.83,0,0,0,0,0,0,0,OFF,0,0,0,OFF,TIDAK ADA
8700,290,TERANG,146.41,81.14,138,69.53,11.6,5.86,0,0,0,0,0,0,0,OFF,0,0,0,OFF,TIDAK ADA
8730,291,TERANG,146.39,81.14,136,69.69,11.45,5.61,0,0,0,0,0,0,0,OFF,0,0,0,OFF,TIDAK ADA
8760,292,TERANG,146.77,81.05,136,69.52,11.53,5.61,0,0,0,0,0,0,0,OFF,0,0,0,OFF,TIDAK ADA
8790,293,TERANG,146.85,80.98,136,69.43,11.55,5.66,0,0,0,0,0,0,0,OFF,0,0,0,OFF,TIDAK ADA
8820,294,TERANG,146.92,81.01,136,69.53,11.49,5.79,0,0,0,0,0,0,0,OFF,0,0,0,OFF,TIDAK ADA
8850,295,TERANG,146.88,81.07,146,69.55,11.52,6.07,0,0,0,0,0,0,0,OFF,0,0,0,OFF,TIDAK ADA
8880,296,TERANG,146.97,81.01,137,69.57,11.44,5.71,0,0,0,0,0,0,0,OFF,0,0,0,OFF,TIDAK ADA
8910,297,TERANG,147.01,81.03,136,69.68,11.35,5.69,0,0,0,0,0,0,0,OFF,0,0,0,OFF,TIDAK ADA
8940,298,TERANG,147.02,81.12,136,69.5,11.61,5.63,0,0,0,0,0,0,0,OFF,0,0,0,OFF,TIDAK ADA
8970,299,TERANG,146.96,81.14,145,69.87,11.27,5.66,0,0,0,0,0,0,0,OFF,0,0,0,OFF,TIDAK ADA
9000,300,TERANG,146.94,81.28,145,69.92,11.36,5.63,0,0,0,0,0,0,0,OFF,0,0,0,OFF,TIDAK ADA
9030,301,TERANG,146.91,81.09,145,69.92,11.17,5.67,0,0,0,0,0,0,0,OFF,0,0,0,OFF,TIDAK ADA
9060,302,TERANG,146.81,81.29,145,70.03,11.26,5.65,0,0,0,0,0,0,0,OFF,0,0,0,OFF,TIDAK ADA
9090,303,TERANG,146.5,81.43,145,69.96,11.47,5.61,0,0,0,0,0,0,0,OFF,0,0,0,OFF,TIDAK ADA
9120,304,TERANG,146.6,81.32,145,69.88,11.44,5.6,0,0,0,0,0,0,0,OFF,0,0,0,OFF,TIDAK ADA
9150,305,TERANG,146.78,81.32,145,69.97,11.35,5.6,0,0,0,0,0,0,0,OFF,0,0,0,OFF,TIDAK ADA
9180,306,TERANG,146.73,81.32,145,69.85,11.47,5.6,0,0,0,0,0,0,0,OFF,0,0,0,OFF,TIDAK ADA
9210,307,TERANG,146.77,81.31,145,69.98,11.33,5.61,0,0,0,0,0,0,0,OFF,0,0,0,OFF,TIDAK ADA
9240,308,TERANG,146.69,81.24,145,69.97,11.27,5.63,0,0,0,0,0,0,0,OFF,0,0,0,OFF,TIDAK ADA
9270,309,TERANG,146.44,81,135,69.64,11.36,5.42,0,0,0,0,0,0,0,OFF,0,0,0,OFF,TIDAK ADA
9300,310,TERANG,146.37,81.09,135,69.71,11.38,5.42,0,0,0,0,0,0,0,OFF,0,0,0,OFF,TIDAK ADA
9330,311,TERANG,146.35,81.09,135,69.68,11.41,5.41,0,0,0,0,0,0,0,OFF,0,0,0,OFF,TIDAK ADA
9360,312,TERANG,146.24,81.14,135,69.74,11.4,5.39,0,0,0,0,0,0,0,OFF,0,0,0,OFF,TIDAK ADA
9390,313,TERANG,146.28,81.09,135,69.68,11.41,5.42,0,0,0,0,0,0,0,OFF,0,0,0,OFF,TIDAK ADA
9420,314,TERANG,146.27,80.94,135,69.67,11.27,5.44,0,0,0,0,0,0,0,OFF,0,0,0,OFF,TIDAK ADA
9450,315,TERANG,146.3,81.06,135,69.69,11.37,5.42,0,0,0,0,0,0,0,OFF,0,0,0,OFF,TIDAK ADA
9480,316,TERANG,146.25,81.06,135,69.62,11.44,5.41,0,0,0,0,0,0,0,OFF,0,0,0,OFF,TIDAK ADA
9510,317,TERANG,146.23,81.05,135,69.67,11.38,5.43,0,0,0,0,0,0,0,OFF,0,0,0,OFF,TIDAK ADA
9540,318,TERANG,146.1,80.98,135,69.54,11.45,5.4,0,0,0,0,0,0,0,OFF,0,0,0,OFF,TIDAK ADA
9570,319,TERANG,146.34,81.15,138,69.47,11.68,5.99,0,0,0,0,0,0,0,OFF,0,0,0,OFF,TIDAK ADA
9600,320,TERANG,146.34,81.31,139,69.51,11.81,5.98,0,0,0,0,0,0,0,OFF,0,0,0,OFF,TIDAK ADA
9630,321,TERANG,146.33,81.17,139,69.47,11.7,6.03,0,0,0,0,0,0,0,OFF,0,0,0,OFF,TIDAK ADA
9660,322,TERANG,146.31,81.18,139,69.49,11.69,6.07,0,0,0,0,0,0,0,OFF,0,0,0,OFF,TIDAK ADA
9690,323,TERANG,146.28,81.26,143,69.49,11.77,6.33,0,0,0,0,0,0,0,OFF,0,0,0,OFF,TIDAK ADA
9720,324,TERANG,146.29,81.22,148,69.48,11.73,6.37,0,0,0,0,0,0,0,OFF,0,0,0,OFF,TIDAK ADA
9750,325,TERANG,145.81,80.93,146,69.21,11.73,6.15,0,0,0,0,0,0,0,OFF,0,0,0,OFF,TIDAK ADA
9780,326,TERANG,145.95,81.05,146,69.29,11.76,6.08,0,0,0,0,0,0,0,OFF,0,0,0,OFF,TIDAK ADA
9810,327,TERANG,145.82,80.93,146,69.26,11.67,6.09,0,0,0,0,0,0,0,OFF,0,0,0,OFF,TIDAK ADA
9840,328,TERANG,145.82,80.96,138,69.31,11.65,5.77,0,0,0,0,0,0,0,OFF,0,0,0,OFF,TIDAK ADA
9870,329,TERANG,145.89,81.08,146,69.29,11.79,6.23,0,0,0,0,0,0,0,OFF,0,0,0,OFF,TIDAK ADA
9900,330,TERANG,145.98,81.06,146,69.32,11.74,6.19,0,0,0,0,0,0,0,OFF,0,0,0,OFF,TIDAK ADA
9930,331,TERANG,146.09,81.08,146,69.33,11.76,6.16,0,0,0,0,0,0,0,OFF,0,0,0,OFF,TIDAK ADA
9960,332,TERANG,146.08,81.12,146,69.37,11.75,6.21,0,0,0,0,0,0,0,OFF,0,0,0,OFF,TIDAK ADA
9990,333,TERANG,146.21,81.03,146,69.35,11.68,6.17,0,0,0,0,0,0,0,OFF,0,0,0,OFF,TIDAK ADA
10020,334,TERANG,145.98,81.07,146,69.35,11.72,6.22,0,0,0,0,0,0,0,OFF,0,0,0,OFF,TIDAK ADA
10050,335,TERANG,146.69,81.72,137,69.84,11.88,5.23,0,0,0,0,0,0,0,OFF,0,0,0,OFF,TIDAK ADA
10080,336,TERANG,146.69,81.73,137,69.76,11.97,5.23,0,0,0,0,0,0,0,OFF,0,0,0,OFF,TIDAK ADA
10110,337,TERANG,146.66,81.77,137,69.83,11.94,5.21,0,0,0,0,0,0,0,OFF,0,0,0,OFF,TIDAK ADA
10140,338,TERANG,146.67,81.81,134,69.93,11.88,5.26,0,0,0,0,0,0,0,OFF,0,0,0,OFF,TIDAK ADA
10170,339,TERANG,146.66,81.74,138,69.82,11.92,5.23,0,0,0,0,0,0,0,OFF,0,0,0,OFF,TIDAK ADA
10200,340,TERANG,146.66,81.69,142,69.86,11.84,5.44,0,0,0,0,0,0,0,OFF,0,0,0,OFF,TIDAK ADA
10230,341,TERANG,146.65,81.66,138,70.03,11.62,5.17,0,0,0,0,0,0,0,OFF,0,0,0,OFF,TIDAK ADA
10260,342,TERANG,146.65,81.76,136,69.77,11.98,5.24,0,0,0,0,0,0,0,OFF,0,0,0,OFF,TIDAK ADA
10290,343,TERANG,146.66,81.81,139,69.89,11.92,5.57,0,0,0,0,0,0,0,OFF,0,0,0,OFF,TIDAK ADA
10320,344,TERANG,146.66,81.77,145,69.89,11.88,5.56,0,0,0,0,0,0,0,OFF,0,0,0,OFF,TIDAK ADA
10350,345,TERANG,146.62,82.38,134,69.79,12.59,5.45,0,0,0,0,0,0,0,OFF,0,0,0,OFF,TIDAK ADA
10380,346,TERANG,146.59,82.35,134,69.83,12.52,5.45,0,0,0,0,0,0,0,OFF,0,0,0,OFF,TIDAK ADA
10410,347,TERANG,146.59,82.36,134,69.81,12.55,5.47,0,0,0,0,0,0,0,OFF,0,0,0,OFF,TIDAK ADA
10440,348,TERANG,146.61,82.43,136,69.9,12.53,5.54,0,0,0,0,0,0,0,OFF,0,0,0,OFF,TIDAK ADA
10470,349,TERANG,146.59,82.36,137,69.78,12.58,5.56,0,0,0,0,0,0,0,OFF,0,0,0,OFF,TIDAK ADA
10500,350,TERANG,146.67,82.36,137,69.85,12.51,5.44,0,0,0,0,0,0,0,OFF,0,0,0,OFF,TIDAK ADA
10530,351,TERANG,146.58,82.37,137,69.84,12.53,5.47,0,0,0,0,0,0,0,OFF,0,0,0,OFF,TIDAK ADA
10560,352,TERANG,146.56,82.39,143,69.78,12.61,5.65,0,0,0,0,0,0,0,OFF,0,0,0,OFF,TIDAK ADA
10590,353,TERANG,146.56,82.36,137,69.84,12.52,5.49,0,0,0,0,0,0,0,OFF,0,0,0,OFF,TIDAK ADA
10620,354,TERANG,146.52,81.99,162,69.91,12.08,6.05,0,0,0,0,0,0,0,OFF,0,0,0,OFF,TIDAK ADA
10650,355,TERANG,146.49,82,162,69.96,12.04,6.04,0,0,0,0,0,0,0,OFF,0,0,0,OFF,TIDAK ADA
10680,356,TERANG,146.49,81.93,153,69.9,12.03,5.83,0,0,0,0,0,0,0,OFF,0,0,0,OFF,TIDAK ADA
10710,357,TERANG,146.52,81.96,160,69.96,12,6.06,0,0,0,0,0,0,0,OFF,0,0,0,OFF,TIDAK ADA
10740,358,TERANG,146.53,81.97,155,70.04,11.92,5.93,0,0,0,0,0,0,0,OFF,0,0,0,OFF,TIDAK ADA
10770,359,TERANG,149.56,84.98,134,71.49,13.49,3.89,0,0,0,0,0,0,0,OFF,0,0,0,OFF,TIDAK ADA
10800,360,TERANG,150.5,85.28,127,71.89,13.39,4.37,0,0,0,0,0,0,0,OFF,0,0,0,OFF,TIDAK ADA
10830,361,TERANG,150.8,85.93,134,72.6,13.33,4.22,0,0,0,0,0,0,0,OFF,0,0,0,OFF,TIDAK ADA
10860,362,TERANG,150.77,86.31,123,73.2,13.11,3.91,0,0,0,0,0,0,0,OFF,0,0,0,OFF,TIDAK ADA
10890,363,TERANG,150.78,85.83,145,72.36,13.46,5.09,0,0,0,0,0,0,0,OFF,0,0,0,OFF,TIDAK ADA
10920,364,TERANG,150.5,86.91,131,74.78,12.13,5.25,0,0,0,0,0,0,0,OFF,0,0,0,OFF,TIDAK ADA
10950,365,TERANG,150.47,86.9,131,74.87,12.03,5.28,0,0,0,0,0,0,0,OFF,0,0,0,OFF,TIDAK ADA
10980,366,TERANG,150.48,86.88,131,74.83,12.05,5.27,0,0,0,0,0,0,0,OFF,0,0,0,OFF,TIDAK ADA
11010,367,TERANG,150.47,86.87,131,74.85,12.02,5.24,0,0,0,0,0,0,0,OFF,0,0,0,OFF,TIDAK ADA
11040,368,TERANG,150.51,86.91,131,74.88,12.03,5.29,0,0,0,0,0,0,0,OFF,0,0,0,OFF,TIDAK ADA
11070,369,TERANG,150.53,86.85,131,74.92,11.93,5.3,0,0,0,0,0,0,0,OFF,0,0,0,OFF,TIDAK ADA
11100,370,TERANG,150.51,86.88,136,74.92,11.96,5.35,0,0,0,0,0,0,0,OFF,0,0,0,OFF,TIDAK ADA
11130,371,TERANG,150.52,86.9,131,74.9,12,5.25,0,0,0,0,0,0,0,OFF,0,0,0,OFF,TIDAK ADA
11160,372,TERANG,150.52,87.16,131,74.91,12.26,5.23,0,0,0,0,0,0,0,OFF,0,0,0,OFF,TIDAK ADA
11190,373,TERANG,150.5,86.9,131,74.8,12.11,5.24,0,0,0,0,0,0,0,OFF,0,0,0,OFF,TIDAK ADA
11220,374,TERANG,150.81,87,132,74.72,12.28,5.27,0,0,0,0,0,0,0,OFF,0,0,0,OFF,TIDAK ADA
11250,375,TERANG,150.74,87.04,132,74.73,12.31,5.33,0,0,0,0,0,0,0,OFF,0,0,0,OFF,TIDAK ADA
11280,376,TERANG,150.76,87.07,138,74.64,12.43,5.58,0,0,0,0,0,0,0,OFF,0,0,0,OFF,TIDAK ADA
11310,377,TERANG,150.21,87.03,134,74.72,12.31,5.35,0,0,0,0,0,0,0,OFF,0,0,0,OFF,TIDAK ADA
11340,378,TERANG,148.95,85.44,130,73.3,12.13,5.45,0,0,0,0,0,0,0,OFF,0,0,0,OFF,TIDAK ADA
11370,379,TERANG,148.92,85.44,130,73.2,12.23,5.45,0,0,0,0,0,0,0,OFF,0,0,0,OFF,TIDAK ADA
11400,380,TERANG,148.78,85.48,129,73.27,12.2,5.38,0,0,0,0,0,0,0,OFF,0,0,0,OFF,TIDAK ADA
11430,381,TERANG,148.85,85.44,135,73.31,12.13,5.49,0,0,0,0,0,0,0,OFF,0,0,0,OFF,TIDAK ADA
11460,382,TERANG,148.93,85.44,138,73.2,12.24,5.61,0,0,0,0,0,0,0,OFF,0,0,0,OFF,TIDAK ADA
11490,383,TERANG,148.49,85.4,141,73.23,12.17,5.69,0,0,0,0,0,0,0,OFF,0,0,0,OFF,TIDAK ADA
11520,384,TERANG,147.52,85.28,138,73.13,12.14,5.58,0,0,0,0,0,0,0,OFF,0,0,0,OFF,TIDAK ADA
11550,385,TERANG,147.37,85.19,137,72.95,12.24,5.34,0,0,0,0,0,0,0,OFF,0,0,0,OFF,TIDAK ADA
11580,386,TERANG,147.34,85.27,136,72.91,12.36,5.43,0,0,0,0,0,0,0,OFF,0,0,0,OFF,TIDAK ADA
11610,387,TERANG,147.36,85.38,137,73.07,12.3,5.58,0,0,0,0,0,0,0,OFF,0,0,0,OFF,TIDAK ADA
11640,388,TERANG,147.27,82.73,135,71.69,11.04,5.29,0,0,0,0,0,0,0,OFF,0,0,0,OFF,TIDAK ADA
11670,389,TERANG,147.03,83.16,141,71.2,11.95,5.78,0,0,0,0,0,0,0,OFF,0,0,0,OFF,TIDAK ADA
11700,390,TERANG,146.97,83.17,141,71.08,12.09,5.79,0,0,0,0,0,0,0,OFF,0,0,0,OFF,TIDAK ADA
11730,391,TERANG,146.95,82.92,141,71.02,11.9,5.82,0,0,0,0,0,0,0,OFF,0,0,0,OFF,TIDAK ADA
11760,392,TERANG,146.95,81.32,144,70.21,11.11,5.84,0,0,0,0,0,0,0,OFF,0,0,0,OFF,TIDAK ADA
11790,393,TERANG,146.89,76.53,141,65.86,10.67,5.23,0,0,0,1,0,0,0,OFF,0,0,0,OFF,TIDAK ADA
11820,394,TERANG,146.44,76.44,115,66.5,9.94,5.77,0,0,0,0,0,0,0,OFF,0,0,0,OFF,TIDAK ADA
11850,395,TERANG,146.56,77.98,141,67.88,10.1,5.99,0,0,0,0,0,0,0,OFF,0,0,0,OFF,TIDAK ADA
11880,396,TERANG,146.56,78.79,143,68.71,10.08,5.85,0,0,0,0,0,0,0,OFF,0,0,0,OFF,TIDAK ADA
11910,397,TERANG,146.58,80.34,152,69.91,10.43,5.82,0,0,0,0,0,0,0,OFF,0,0,0,OFF,TIDAK ADA
11940,398,TERANG,146.7,82.54,141,70.68,11.86,5.65,0,0,0,0,0,0,0,OFF,0,0,0,OFF,TIDAK ADA
11970,399,TERANG,147.05,80.86,138,69.24,11.63,5.38,0,0,0,0,0,0,0,OFF,0,0,0,OFF,TIDAK ADA
12000,400,TERANG,147.01,80.12,138,68.69,11.43,5.8,0,0,0,0,0,0,0,OFF,0,0,0,OFF,TIDAK ADA
12030,401,TERANG,147,80.52,138,69.12,11.4,5.48,0,0,0,0,0,0,0,OFF,0,0,0,OFF,TIDAK ADA
12060,402,TERANG,146.97,80.83,138,69.34,11.49,5.39,0,0,0,0,0,0,0,OFF,0,0,0,OFF,TIDAK ADA
12090,403,TERANG,147.02,81.02,138,69.45,11.57,5.41,0,0,0,0,0,0,0,OFF,0,0,0,OFF,TIDAK ADA
12120,404,TERANG,147.03,81.71,143,69.69,12.03,5.53,0,0,0,0,0,0,0,OFF,0,0,0,OFF,TIDAK ADA
12150,405,TERANG,146.96,81.9,142,69.81,12.09,5.63,0,0,0,0,0,0,0,OFF,0,0,0,OFF,TIDAK ADA
12180,406,TERANG,147.08,82.67,143,69.98,12.69,5.56,0,0,0,0,0,0,0,OFF,0,0,0,OFF,TIDAK ADA
12210,407,TERANG,147.24,82.66,144,70.05,12.61,5.57,0,0,0,0,0,0,0,OFF,0,0,0,OFF,TIDAK ADA
12240,408,TERANG,147.61,84.1,138,71.8,12.3,5.64,0,0,0,0,0,0,0,OFF,0,0,0,OFF,TIDAK ADA
12270,409,TERANG,147.55,84.06,138,71.91,12.15,5.56,0,0,0,0,0,0,0,OFF,0,0,0,OFF,TIDAK ADA
12300,410,TERANG,147.62,84.04,138,72.01,12.03,5.5,0,0,0,0,0,0,0,OFF,0,0,0,OFF,TIDAK ADA
12330,411,TERANG,147.63,84.31,138,72.19,12.12,5.55,0,0,0,0,0,0,0,OFF,0,0,0,OFF,TIDAK ADA
12360,412,TERANG,147.61,84.26,138,71.98,12.28,5.54,0,0,0,0,0,0,0,OFF,0,0,0,OFF,TIDAK ADA
12390,413,TERANG,147.69,84.3,138,72.34,11.95,5.55,0,0,0,0,0,0,0,OFF,0,0,0,OFF,TIDAK ADA
12420,414,TERANG,147.61,84.29,138,71.99,12.3,5.54,0,0,0,0,0,0,0,OFF,0,0,0,OFF,TIDAK ADA
12450,415,TERANG,147.59,84.03,138,71.82,12.21,5.5,0,0,0,0,0,0,0,OFF,0,0,0,OFF,TIDAK ADA
12480,416,TERANG,147.57,84.18,138,71.94,12.24,5.5,0,0,0,0,0,0,0,OFF,0,0,0,OFF,TIDAK ADA
12510,417,TERANG,147.49,84.21,138,72.02,12.19,5.57,0,0,0,0,0,0,0,OFF,0,0,0,OFF,TIDAK ADA
12540,418,TERANG,147.52,84.44,141,71.93,12.51,5.49,0,0,0,0,0,0,0,OFF,0,0,0,OFF,TIDAK ADA
12570,419,TERANG,147.56,84.44,141,71.92,12.52,5.5,0,0,0,0,0,0,0,OFF,0,0,0,OFF,TIDAK ADA
12600,420,TERANG,147.49,84.42,141,72.01,12.41,5.48,0,0,0,0,0,0,0,OFF,0,0,0,OFF,TIDAK ADA
12630,421,TERANG,147.48,84.41,141,71.91,12.5,5.41,0,0,0,0,0,0,0,OFF,0,0,0,OFF,TIDAK ADA
12660,422,TERANG,147.44,78.56,118,68.58,9.99,5.03,0,0,0,0,0,0,0,OFF,0,0,0,OFF,TIDAK ADA
12690,423,TERANG,147.44,66.31,84,57.52,8.79,3.17,0,0,0,0,0,0,0,OFF,0,0,0,OFF,TIDAK ADA
12720,424,TERANG,147.52,70.01,104,61.26,8.75,3.25,0,0,0,0,0,0,0,OFF,0,0,0,OFF,TIDAK ADA
12750,425,TERANG,147.68,76.54,144,67.14,9.4,5.7,0,0,0,0,0,0,0,OFF,0,0,0,OFF,TIDAK ADA
12780,426,TERANG,147.73,79.56,147,69.94,9.63,5.43,0,0,0,0,0,0,0,OFF,0,0,0,OFF,TIDAK ADA
12810,427,TERANG,147.61,81.27,139,71.51,9.76,5.35,0,0,0,0,0,0,0,OFF,0,0,0,OFF,TIDAK ADA
12840,428,TERANG,148.51,96.93,139,78.92,18.01,9.7,0,0,0,0,0,0,0,OFF,0,0,0,OFF,TIDAK ADA
12870,429,TERANG,148.43,87.24,103,72.56,14.68,3.97,0,0,0,0,0,0,0,OFF,0,0,0,OFF,TIDAK ADA
12900,430,TERANG,148.16,81.47,125,70.09,11.38,5.13,0,0,0,0,0,0,0,OFF,0,0,0,OFF,TIDAK ADA
12930,431,TERANG,147.75,79.84,145,66.14,13.7,5.94,0,0,0,0,0,0,0,OFF,0,0,0,OFF,TIDAK ADA
12960,432,TERANG,147.53,78.03,144,64.76,13.27,5.66,0,0,0,0,0,0,0,OFF,0,0,0,OFF,TIDAK ADA
12990,433,TERANG,147.41,80.56,151,67.85,12.71,5.57,0,0,0,0,0,0,0,OFF,0,0,0,OFF,TIDAK ADA
13020,434,TERANG,147.66,82.08,142,68.71,13.38,5.81,0,0,0,0,0,0,0,OFF,0,0,0,OFF,TIDAK ADA
13050,435,TERANG,147.67,82.12,139,68.93,13.2,5.49,0,0,0,0,0,0,0,OFF,0,0,0,OFF,TIDAK ADA
13080,436,TERANG,147.91,122.28,137,85.87,36.41,4.13,0,0,0,0,0,0,0,OFF,0,0,0,OFF,TIDAK ADA
13110,437,TERANG,147.72,122.99,152,85.94,37.05,7.8,0,0,0,0,0,0,0,OFF,0,0,0,OFF,TIDAK ADA
13140,438,TERANG,147.49,124.4,162,84.86,39.55,10.09,0,0,0,0,0,0,0,OFF,0,0,0,OFF,TIDAK ADA
13170,439,TERANG,147.46,124.6,162,85.08,39.52,9.94,0,0,0,0,0,0,0,OFF,0,0,0,OFF,TIDAK ADA
13200,440,TERANG,147.46,124.57,162,85.04,39.53,10,0,0,0,0,0,0,0,OFF,0,0,0,OFF,TIDAK ADA
13230,441,TERANG,147.46,124.53,160,84.74,39.78,9.97,0,0,0,0,0,0,0,OFF,0,0,0,OFF,TIDAK ADA
13260,442,TERANG,147.47,205.56,237,116.85,88.71,10.6,1,0,1,0,0,0,0,IDLE,0,6,0,IDLE,TIDAK ADA
13290,443,TERANG,147.46,205.31,249,117.68,87.62,12.87,1,0,1,0,0,0,116.39,IDLE,0,6,0,IDLE,TIDAK ADA
13320,444,TERANG,147.46,206.03,248,118.27,87.76,14.38,1,0,1,0,0,0,63.71,IDLE,0,6,0,IDLE,TIDAK ADA
13350,445,TERANG,147.48,203.88,248,109.92,93.96,13.74,1,0,1,0,0,0,89.02,IDLE,0,6,0,IDLE,TIDAK ADA
13380,446,TERANG,147.47,206.5,246,114.93,91.58,15.53,1,0,1,0,0,0,19.43,IDLE,0,6,0,IDLE,TIDAK ADA
13410,447,TERANG,147.06,206.92,249,117.29,89.62,14.41,1,0,1,0,0,0,0.04,IDLE,0,6,0,IDLE,TIDAK ADA
13440,448,TERANG,146.18,207.8,249,120.9,86.91,15.54,1,0,1,0,0,0,0.2,IDLE,0,6,0,IDLE,TIDAK ADA
13470,449,TERANG,145.82,208.11,249,121.48,86.62,15.44,1,0,1,0,0,0,0.01,IDLE,0,6,0,IDLE,TIDAK ADA
13500,450,TERANG,145.77,208.05,248,121.2,86.84,15.04,1,0,1,0,0,0,3.11,IDLE,0,6,0,IDLE,TIDAK ADA
13530,451,TERANG,146.02,208.38,249,121.37,87.01,15.19,1,0,1,0,0,0,0,IDLE,0,6,0,IDLE,TIDAK ADA
13560,452,TERANG,146,208.22,248,121.21,87.01,15.34,1,0,1,0,0,0,1.3,IDLE,0,6,0,IDLE,TIDAK ADA
13590,453,TERANG,146.28,207.72,249,121.3,86.42,15.65,1,0,1,0,0,0,0,IDLE,0,6,0,IDLE,TIDAK ADA
13620,454,TERANG,146.2,208.24,249,121.25,87,15.29,1,0,1,0,0,0,11.2,IDLE,0,6,0,IDLE,TIDAK ADA
13650,455,TERANG,146.4,208.44,248,121.52,86.93,15.19,1,0,1,0,0,0,15.63,IDLE,0,6,0,IDLE,TIDAK ADA
13680,456,TERANG,146.13,207.97,249,121.46,86.51,15.28,1,0,1,0,0,0,0.01,IDLE,0,6,0,IDLE,TIDAK ADA
13710,457,TERANG,146.05,208.52,249,121.48,87.03,15.3,1,0,1,0,0,0,0.04,IDLE,0,6,0,IDLE,TIDAK ADA
13740,458,TERANG,146.39,208.45,251,123.05,85.4,15.94,1,0,1,0,0,0,0.02,IDLE,0,6,0,IDLE,TIDAK ADA
13770,459,TERANG,146.35,208.65,251,123.26,85.38,16.02,1,0,1,0,0,0,0.75,IDLE,0,6,0,IDLE,TIDAK ADA
13800,460,TERANG,146.04,208.32,251,123.01,85.31,16.94,1,0,1,0,0,0,0.19,IDLE,0,6,0,IDLE,TIDAK ADA
13830,461,TERANG,146.33,208.84,250,123.29,85.56,16.2,1,0,1,0,0,0,0.01,IDLE,0,6,0,IDLE,TIDAK ADA
13860,462,TERANG,146.01,208.58,251,123,85.57,16.27,1,0,1,0,0,0,0.01,IDLE,0,6,0,IDLE,TIDAK ADA
13890,463,TERANG,145.41,208.32,249,122.73,85.59,14.48,1,0,1,0,0,0,0,IDLE,0,6,0,IDLE,TIDAK ADA
13920,464,TERANG,145.37,208.04,253,122.77,85.28,15.33,1,0,1,0,0,0,0,IDLE,0,6,0,IDLE,TIDAK ADA
13950,465,TERANG,145.35,208.13,249,122.87,85.26,15.16,1,0,1,0,0,0,0,IDLE,0,6,0,IDLE,TIDAK ADA
13980,466,TERANG,145.39,207.78,249,122.59,85.2,15.2,1,0,1,0,0,0,10.09,IDLE,0,6,0,IDLE,TIDAK ADA
14010,467,TERANG,145.53,209.41,252,119.55,89.86,16.84,1,0,1,0,0,0,40.08,IDLE,0,6,0,IDLE,TIDAK ADA
14040,468,TERANG,145.93,208,249,121.96,86.04,15.39,1,0,1,0,0,0,292.96,ON,3,0,4,ON,ADA
14070,469,TERANG,146,208.07,250,122.57,85.5,14.56,1,0,1,0,0,0,57.84,IDLE,0,6,0,IDLE,TIDAK ADA
14100,470,TERANG,146.34,208.14,249,122.75,85.38,14.83,1,0,1,0,0,0,11.28,IDLE,0,6,0,IDLE,TIDAK ADA
14130,471,TERANG,146.54,207.88,250,122.74,85.14,15.66,1,0,1,0,0,0,0.63,IDLE,0,6,0,IDLE,TIDAK ADA
14160,472,TERANG,146.42,207.81,250,122.81,85,16.34,1,0,1,0,0,0,0.65,IDLE,0,6,0,IDLE,TIDAK ADA
14190,473,TERANG,147.51,207.92,249,122.91,85.01,16.24,1,0,1,0,0,0,0,IDLE,0,6,0,IDLE,TIDAK ADA
14220,474,TERANG,146.44,207.07,249,122.67,84.4,15.01,1,0,1,0,0,0,0,IDLE,0,6,0,IDLE,TIDAK ADA
14250,475,TERANG,146.25,206.94,249,122.81,84.14,14.78,1,0,1,0,0,0,0.02,IDLE,0,6,0,IDLE,TIDAK ADA
14280,476,TERANG,146.1,206.69,251,122.62,84.08,15.8,1,0,1,0,0,0,11.15,IDLE,0,6,0,IDLE,TIDAK ADA
14310,477,TERANG,146.43,207.44,249,122.73,84.71,14.79,1,0,1,0,0,0,0,IDLE,0,6,0,IDLE,TIDAK ADA
14340,478,TERANG,146.1,207.09,250,122.73,84.36,15.31,1,0,1,0,0,0,0,IDLE,0,6,0,IDLE,TIDAK ADA
14370,479,TERANG,146.3,207.34,250,122.92,84.43,14.97,1,0,1,0,0,0,0.02,IDLE,0,6,0,IDLE,TIDAK ADA
14400,480,TERANG,146.14,206.67,248,122.62,84.06,15.39,1,0,1,0,0,0,0,IDLE,0,6,0,IDLE,TIDAK ADA
14430,481,TERANG,146.19,206.77,249,122.55,84.23,15.11,1,0,1,0,0,0,17.63,IDLE,0,6,0,IDLE,TIDAK ADA
14460,482,TERANG,146.41,207.32,249,122.79,84.53,14.74,1,0,1,0,0,0,0,IDLE,0,6,0,IDLE,TIDAK ADA
14490,483,TERANG,146.3,206.93,248,122.81,84.12,14.56,1,0,1,0,0,0,0,IDLE,0,6,0,IDLE,TIDAK ADA
14520,484,TERANG,146.33,206.72,246,122.47,84.25,17.68,1,0,1,0,0,0,0,IDLE,0,6,0,IDLE,TIDAK ADA
14550,485,TERANG,146.3,207.04,248,122.65,84.39,16.76,1,0,1,0,0,0,0.55,IDLE,0,6,0,IDLE,TIDAK ADA
14580,486,TERANG,146.19,207.28,247,122.74,84.53,16.33,1,0,1,0,0,0,0,IDLE,0,6,0,IDLE,TIDAK ADA
14610,487,TERANG,146.37,207.14,247,122.82,84.32,16.24,1,0,1,0,0,0,0,IDLE,0,6,0,IDLE,TIDAK ADA
14640,488,TERANG,146.28,207.05,247,122.54,84.51,17.35,1,0,1,0,0,0,0,IDLE,0,6,0,IDLE,TIDAK ADA
14670,489,TERANG,146.31,206.91,247,122.7,84.21,16.28,1,0,1,0,0,0,0,IDLE,0,6,0,IDLE,TIDAK ADA
14700,490,TERANG,146.06,207.04,249,122.39,84.65,17.46,1,0,1,0,0,0,0,IDLE,0,6,0,IDLE,TIDAK ADA
14730,491,TERANG,146.31,206.85,248,122.36,84.49,16.93,1,0,1,0,0,0,0.55,IDLE,0,6,0,IDLE,TIDAK ADA
14760,492,TERANG,146.3,206.6,248,122.24,84.37,17.2,1,0,1,0,0,0,0,IDLE,0,6,0,IDLE,TIDAK ADA
14790,493,TERANG,146.21,206.87,247,122.42,84.45,17.05,1,0,1,0,0,0,74.2,IDLE,0,6,0,IDLE,TIDAK ADA
14820,494,TERANG,146.13,205.29,246,120.1,85.2,14.74,1,0,1,0,0,0,13.87,IDLE,0,6,0,IDLE,TIDAK ADA
14850,495,TERANG,146.03,205.54,246,120.6,84.94,14.89,1,0,1,0,0,0,2.72,IDLE,0,6,0,IDLE,TIDAK ADA
14880,496,TERANG,146.04,205.31,246,120.67,84.64,15.29,1,0,1,0,0,0,4.21,IDLE,0,6,0,IDLE,TIDAK ADA
14910,497,TERANG,146.11,205.74,246,120.69,85.06,14.96,1,0,1,0,0,0,30.86,IDLE,0,6,0,IDLE,TIDAK ADA
14940,498,TERANG,146.11,205.38,247,120.78,84.6,14.67,1,0,1,0,0,0,25.29,IDLE,0,6,0,IDLE,TIDAK ADA
14970,499,TERANG,146.11,205.45,246,120.78,84.67,14.34,1,0,1,0,0,0,20.87,IDLE,0,6,0,IDLE,TIDAK ADA
15000,500,TERANG,146.04,205.28,246,120.54,84.74,15.18,1,0,1,0,0,0,191.03,ON,1,0,22,ON,TIDAK ADA
15030,501,TERANG,146.1,204.88,245,118.89,85.98,15.49,1,0,1,0,0,0,9.11,IDLE,0,6,0,IDLE,TIDAK ADA
15060,502,TERANG,146,205.28,246,120.4,84.88,14.66,1,0,1,0,0,0,46.02,IDLE,0,6,0,IDLE,TIDAK ADA
15090,503,TERANG,146.04,205.19,246,120.61,84.58,14.7,1,0,1,0,0,0,0.06,IDLE,0,6,0,IDLE,TIDAK ADA
15120,504,TERANG,145.9,206.36,251,121.87,84.49,16.87,1,0,1,0,0,0,0.85,IDLE,0,6,0,IDLE,TIDAK ADA
15150,505,TERANG,145.84,206.81,250,122.24,84.58,16.37,1,0,1,0,0,0,7.28,IDLE,0,6,0,IDLE,TIDAK ADA
15180,506,TERANG,145.89,206.47,251,122.08,84.39,16.42,1,0,1,0,0,0,0,IDLE,0,6,0,IDLE,TIDAK ADA
15210,507,TERANG,145.98,206.59,251,122.24,84.35,16.48,1,0,1,0,0,0,0,IDLE,0,6,0,IDLE,TIDAK ADA
15240,508,TERANG,145.83,206.51,252,122.07,84.45,16.64,1,0,1,0,0,0,0,IDLE,0,6,0,IDLE,TIDAK ADA
15270,509,TERANG,145.87,206.53,251,122.34,84.18,15.9,1,0,1,0,0,0,0,IDLE,0,6,0,IDLE,TIDAK ADA
15300,510,TERANG,145.88,206.75,251,122.1,84.66,16.27,1,0,1,0,0,0,0,IDLE,0,6,0,IDLE,TIDAK ADA
15330,511,TERANG,145.66,206.57,251,122.22,84.35,16.27,1,0,1,0,0,0,0,IDLE,0,6,0,IDLE,TIDAK ADA
15360,512,TERANG,145.32,206.94,251,122.34,84.6,16.58,1,0,1,0,0,0,0,IDLE,0,6,0,IDLE,TIDAK ADA
15390,513,TERANG,145.84,206.37,249,122.23,84.13,16.54,1,0,1,0,0,0,0,IDLE,0,6,0,IDLE,TIDAK ADA
15420,514,TERANG,145.36,206.3,246,121.83,84.47,15.67,1,0,1,0,0,0,0.02,IDLE,0,6,0,IDLE,TIDAK ADA
15450,515,TERANG,145.4,207.21,246,120.37,86.84,15.51,1,0,1,0,0,0,68.26,IDLE,0,6,0,IDLE,TIDAK ADA
15480,516,TERANG,144.94,205.22,246,119.84,85.39,15.92,1,0,1,0,0,0,101.97,ON,0,5,23,ON,TIDAK ADA
15510,517,TERANG,145.33,207.97,246,120.21,87.77,16.15,1,0,1,0,0,0,310.16,ON,3,0,2,ON,TIDAK ADA
15540,518,TERANG,145.33,205.76,246,121.37,84.39,16.4,1,0,1,0,0,0,92.34,IDLE,0,5,0,IDLE,TIDAK ADA
15570,519,TERANG,145.33,206.35,245,121.75,84.6,15.52,1,0,1,0,0,0,74.92,IDLE,0,6,0,IDLE,TIDAK ADA
15600,520,TERANG,145.41,206.5,246,121.86,84.64,15.94,1,0,1,0,0,0,16.2,IDLE,0,6,0,IDLE,TIDAK ADA
15630,521,TERANG,145.49,206.64,244,121.96,84.67,15.03,1,0,1,0,0,0,0,IDLE,0,6,0,IDLE,TIDAK ADA
15660,522,TERANG,145.6,206.25,246,122.02,84.23,16.07,1,0,1,0,0,0,3.45,IDLE,0,6,0,IDLE,TIDAK ADA
15690,523,TERANG,145.38,206.53,245,121.91,84.62,15.47,1,0,1,0,0,0,0,IDLE,0,6,0,IDLE,TIDAK ADA
15720,524,TERANG,146.37,207.57,248,122.69,84.88,15.92,1,0,1,0,0,0,0,IDLE,0,6,0,IDLE,TIDAK ADA
15750,525,TERANG,146.37,207.21,249,122.61,84.59,16.38,1,0,1,0,0,0,0,IDLE,0,6,0,IDLE,TIDAK ADA
15780,526,TERANG,146.36,207.48,246,122.55,84.93,15.77,1,0,1,0,0,0,0,IDLE,0,6,0,IDLE,TIDAK ADA
15810,527,TERANG,146.35,207.49,246,122.54,84.95,15.74,1,0,1,0,0,0,0,IDLE,0,6,0,IDLE,TIDAK ADA
15840,528,TERANG,146.27,207.41,246,122.45,84.96,15.92,1,0,1,0,0,0,0.2,IDLE,0,6,0,IDLE,TIDAK ADA
15870,529,TERANG,146.28,207.46,246,122.49,84.97,16.39,1,0,1,0,0,0,0,IDLE,0,6,0,IDLE,TIDAK ADA
15900,530,TERANG,146.31,207.31,250,122.5,84.81,16.8,1,0,1,0,0,0,0,IDLE,0,6,0,IDLE,TIDAK ADA
15930,531,TERANG,146.36,207.56,248,122.58,84.98,16.3,1,0,1,0,0,0,0.74,IDLE,0,6,0,IDLE,TIDAK ADA
15960,532,TERANG,146.36,207.46,247,122.33,85.13,16.2,1,0,1,0,0,0,0,IDLE,0,6,0,IDLE,TIDAK ADA
15990,533,TERANG,146.35,207.39,247,122.55,84.85,16.34,1,0,1,0,0,0,0,IDLE,0,6,0,IDLE,TIDAK ADA
16020,534,TERANG,146.3,206.38,247,122.45,83.93,14.6,1,0,1,0,0,0,0,IDLE,0,6,0,IDLE,TIDAK ADA
16050,535,TERANG,146.28,206.44,245,122.72,83.71,15.19,1,0,1,0,0,0,0,IDLE,0,6,0,IDLE,TIDAK ADA
16080,536,TERANG,146.3,206.73,248,122.53,84.2,14.54,1,0,1,0,0,0,0,IDLE,0,6,0,IDLE,TIDAK ADA
16110,537,TERANG,146.27,206.65,245,122.5,84.14,14.29,1,0,1,0,0,0,6.07,IDLE,0,6,0,IDLE,TIDAK ADA
16140,538,TERANG,146.25,206.59,246,122.57,84.02,14.7,1,0,1,0,0,0,11.92,IDLE,0,6,0,IDLE,TIDAK ADA
16170,539,TERANG,146.15,206.68,246,122.45,84.23,14.06,1,0,1,0,0,0,50.99,IDLE,0,6,0,IDLE,TIDAK ADA
16200,540,TERANG,145.98,206.64,246,122.46,84.17,14.47,1,0,1,0,0,0,103.42,IDLE,0,6,0,IDLE,TIDAK ADA
16230,541,TERANG,146.21,206.54,250,121.96,84.58,16.04,1,0,1,0,0,0,68.94,ON,0,2,10,ON,ADA
16260,542,TERANG,146.03,206.85,250,122.02,84.83,16.25,1,0,1,0,0,0,175.02,IDLE,0,1,0,IDLE,TIDAK ADA
16290,543,TERANG,146.07,206.25,251,121.9,84.35,16.94,1,0,1,0,0,0,0.15,IDLE,0,6,0,IDLE,TIDAK ADA
16320,544,TERANG,146.07,206.59,251,121.97,84.62,16.15,1,0,1,0,0,0,13.08,IDLE,0,6,0,IDLE,TIDAK ADA
16350,545,TERANG,146.27,206.87,249,122.15,84.72,15.99,1,0,1,0,0,0,48.47,IDLE,0,6,0,IDLE,TIDAK ADA
16380,546,TERANG,146.13,206.58,249,121.99,84.58,15.61,1,0,1,0,0,0,3.61,IDLE,0,6,0,IDLE,TIDAK ADA
16410,547,TERANG,146.22,206.69,251,122.11,84.57,16.59,1,0,1,0,0,0,0.86,IDLE,0,6,0,IDLE,TIDAK ADA
16440,548,TERANG,145.98,206.58,251,121.94,84.64,16.43,1,0,1,0,0,0,1.55,IDLE,0,6,0,IDLE,TIDAK ADA
16470,549,TERANG,146.19,206.7,250,122.02,84.67,16.44,1,0,1,0,0,0,0.13,IDLE,0,6,0,IDLE,TIDAK ADA
16500,550,TERANG,146.07,206.72,250,121.95,84.77,16.51,1,0,1,0,0,0,0,IDLE,0,6,0,IDLE,TIDAK ADA
16530,551,TERANG,145.94,206.43,249,121.59,84.83,16.58,1,0,1,0,0,0,0.02,IDLE,0,6,0,IDLE,TIDAK ADA
16560,552,TERANG,145.8,206.84,248,121.79,85.04,15.65,1,0,1,0,0,0,0.76,IDLE,0,6,0,IDLE,TIDAK ADA
16590,553,TERANG,145.84,206.93,248,121.88,85.05,15.43,1,0,1,0,0,0,19.4,IDLE,0,6,0,IDLE,TIDAK ADA
16620,554,TERANG,145.67,206.53,249,121.8,84.72,16.42,1,0,1,0,0,0,8.51,IDLE,0,6,0,IDLE,TIDAK ADA
16650,555,TERANG,145.69,206.54,248,121.57,84.97,15.99,1,0,1,0,0,0,4.69,IDLE,0,6,0,IDLE,TIDAK ADA
16680,556,TERANG,145.91,206.74,249,121.94,84.79,16.53,1,0,1,0,0,0,0.01,IDLE,0,6,0,IDLE,TIDAK ADA
16710,557,TERANG,145.89,206.6,249,121.7,84.9,16.26,1,0,1,0,0,0,0.01,IDLE,0,6,0,IDLE,TIDAK ADA
16740,558,TERANG,145.95,206.53,251,121.76,84.78,16.64,1,0,1,0,0,0,0,IDLE,0,6,0,IDLE,TIDAK ADA
16770,559,TERANG,145.97,205.95,251,121.78,84.17,16.32,1,0,1,0,0,0,0,IDLE,0,6,0,IDLE,TIDAK ADA
16800,560,TERANG,145.96,206.51,251,121.94,84.56,16.1,1,0,1,0,0,0,0,IDLE,0,6,0,IDLE,TIDAK ADA
16830,561,TERANG,146.04,206.53,250,121.92,84.61,16.3,1,0,1,0,0,0,0.26,IDLE,0,6,0,IDLE,TIDAK ADA
16860,562,TERANG,145.73,206.92,250,121.86,85.05,15.32,1,0,1,0,0,0,12.93,IDLE,0,6,0,IDLE,TIDAK ADA
16890,563,TERANG,145.65,206.48,251,121.81,84.67,16.66,1,0,1,0,0,0,15.97,IDLE,0,6,0,IDLE,TIDAK ADA
16920,564,TERANG,145.66,206.45,251,121.88,84.57,16.5,1,0,1,0,0,0,204.7,ON,3,0,2,ON,ADA
16950,565,TERANG,145.77,206.24,250,121.82,84.43,16.43,1,0,1,0,0,0,70.13,IDLE,0,6,0,IDLE,TIDAK ADA
16980,566,TERANG,145.66,206.57,251,121.64,84.92,16.39,1,0,1,0,0,0,34.99,IDLE,0,6,0,IDLE,TIDAK ADA
17010,567,TERANG,145.53,205.84,251,121.25,84.6,16.86,1,0,1,0,0,0,33.56,IDLE,0,6,0,IDLE,TIDAK ADA
17040,568,TERANG,145.32,205.63,251,119.96,85.68,16.76,1,0,1,0,0,0,1.08,IDLE,0,6,0,IDLE,TIDAK ADA
17070,569,TERANG,145.35,205.89,250,120.21,85.68,16.9,1,0,1,0,0,0,0.05,IDLE,0,6,0,IDLE,TIDAK ADA
17100,570,TERANG,145.3,206.31,252,120.12,86.19,16.85,1,0,1,0,0,0,60.21,IDLE,0,6,0,IDLE,TIDAK ADA
17130,571,TERANG,145.28,206.06,252,120.23,85.83,16.54,1,0,1,0,0,0,76.56,IDLE,0,6,0,IDLE,TIDAK ADA
17160,572,TERANG,145.31,206.1,251,120.26,85.84,16.15,1,0,1,0,0,0,26.61,IDLE,0,6,0,IDLE,TIDAK ADA
17190,573,TERANG,145.43,206.18,252,120.31,85.86,16.56,1,0,1,0,0,0,11.56,IDLE,0,6,0,IDLE,TIDAK ADA
17220,574,TERANG,145.34,206.42,249,120.13,86.29,16.11,1,0,1,0,0,0,24.75,IDLE,0,6,0,IDLE,TIDAK ADA
17250,575,TERANG,145.46,206.28,250,120.14,86.14,16.35,1,0,1,0,0,0,163.2,IDLE,0,6,0,IDLE,TIDAK ADA
17280,576,TERANG,145.37,205.81,251,120.17,85.64,16.6,1,0,1,0,0,0,25.6,IDLE,0,6,0,IDLE,TIDAK ADA
17310,577,TERANG,145.3,206.57,250,120.55,86.02,16.49,1,0,1,0,0,0,26.36,IDLE,0,6,0,IDLE,TIDAK ADA
17340,578,TERANG,146.16,206.33,249,121.65,84.68,15.56,1,0,1,0,0,0,110.78,IDLE,0,6,0,IDLE,TIDAK ADA
17370,579,TERANG,146.2,206.23,248,121.61,84.62,14.89,1,0,1,0,0,0,226.14,ON,3,0,16,ON,ADA
17400,580,TERANG,145.97,206.35,248,121.69,84.66,15.16,1,0,1,0,0,0,48.54,IDLE,0,6,0,IDLE,TIDAK ADA
17430,581,TERANG,146.1,206.5,246,121.73,84.77,14.86,1,0,1,0,0,0,38.12,IDLE,0,6,0,IDLE,TIDAK ADA
17460,582,TERANG,146.01,206.21,247,121.55,84.65,15.22,1,0,1,0,0,0,1.28,IDLE,0,6,0,IDLE,TIDAK ADA
17490,583,TERANG,146.13,206.2,249,121.69,84.51,15.41,1,0,1,0,0,0,0.34,IDLE,0,6,0,IDLE,TIDAK ADA
17520,584,TERANG,146.1,206.24,248,121.69,84.55,15.62,1,0,1,0,0,0,2.48,IDLE,0,6,0,IDLE,TIDAK ADA
17550,585,TERANG,145.92,206.1,250,121.5,84.61,15.64,1,0,1,0,0,0,22.1,IDLE,0,6,0,IDLE,TIDAK ADA
17580,586,TERANG,145.71,206.54,248,120.91,85.62,15.45,1,0,1,0,0,0,53.16,IDLE,0,6,0,IDLE,TIDAK ADA
17610,587,TERANG,145.94,206.49,248,121.41,85.08,15.66,1,0,1,0,0,0,107.8,ON,0,3,7,ON,TIDAK ADA
17640,588,TERANG,145.63,206.12,249,120.12,86,16.06,1,0,1,0,0,0,8.55,IDLE,0,6,0,IDLE,TIDAK ADA
17670,589,TERANG,145.59,206.36,249,120.42,85.93,15.52,1,0,1,0,0,0,0.6,IDLE,0,6,0,IDLE,TIDAK ADA
17700,590,TERANG,145.77,206.42,248,120.59,85.83,15.13,1,0,1,0,0,0,0.07,IDLE,0,6,0,IDLE,TIDAK ADA
17730,591,TERANG,145.67,206.53,249,120.41,86.11,15.8,1,0,1,0,0,0,43.68,IDLE,0,6,0,IDLE,TIDAK ADA
17760,592,TERANG,146.16,206.62,245,121.97,84.66,15.77,1,0,1,0,0,0,0.85,IDLE,0,6,0,IDLE,TIDAK ADA
17790,593,TERANG,146.14,206.65,248,122,84.65,16.2,1,0,1,0,0,0,0.04,IDLE,0,6,0,IDLE,TIDAK ADA
17820,594,TERANG,146.14,206.57,246,121.74,84.82,16.24,1,0,1,0,0,0,0.23,IDLE,0,6,0,IDLE,TIDAK ADA
17850,595,TERANG,145.75,206.99,245,122.09,84.9,15.56,1,0,1,0,0,0,7.28,IDLE,0,6,0,IDLE,TIDAK ADA
17880,596,TERANG,145.86,206.99,246,122.18,84.81,16.37,1,0,1,0,0,0,11.15,IDLE,0,6,0,IDLE,TIDAK ADA
17910,597,TERANG,145.87,206.86,246,121.96,84.9,15.51,1,0,1,0,0,0,12.97,IDLE,0,6,0,IDLE,TIDAK ADA
17940,598,TERANG,146.02,206.8,245,122.21,84.59,15.76,1,0,1,0,0,0,0,IDLE,0,6,0,IDLE,TIDAK ADA
17970,599,TERANG,145.78,206.66,246,121.92,84.74,15.93,1,0,1,0,0,0,0,IDLE,0,6,0,IDLE,TIDAK ADA
18000,600,TERANG,145.68,206.6,249,121.76,84.84,15.83,1,0,1,0,0,0,0,IDLE,0,6,0,IDLE,TIDAK ADA